{"E": [[0.0, 1.0], [0.0, 0.0], [0.0, 1.0], [0.6666666666666666, 1.0], [0.0, 0.5], [0.5, 0.5], [0.0, 0.0], [0.6666666666666666, 0.0]], "N": [[0.0, 1.0], [0.0, 0.0], [0.0, 1.0], [0.6666666666666666, 0.0], [0.6666666666666666, 1.0], [0.6666666666666666, 0.0]], "-": [[0.16666666666666666, 0.5], [0.5, 0.5]], "6": [[0.0, 1.0], [0.0, 0.0], [0.0, 0.5833333333333334], [0.6666666666666666, 0.4166666666666667], [0.0, 0.0], [0.6666666666666666, 0.0], [0.6666666666666666, 0.4166666666666667], [0.6666666666666666, 0.0]], ")": [[0.16666666666666666, 1.0], [0.5, 0.6666666666666666], [0.16666666666666666, 0.0], [0.5, 0.3333333333333333], [0.5, 0.6666666666666666], [0.5, 0.3333333333333333]], "R": [[0.0, 1.0], [0.0, 0.0], [0.0, 1.0], [0.6666666666666666, 1.0], [0.0, 0.4166666666666667], [0.6666666666666666, 0.5], [0.3333333333333333, 0.4166666666666667], [0.6666666666666666, 0.0], [0.6666666666666666, 1.0], [0.6666666666666666, 0.5]], "Q": [[0.0, 1.0], [0.0, 0.0], [0.0, 1.0], [0.6666666666666666, 1.0], [0.0, 0.0], [0.6666666666666666, 0.3333333333333333], [0.3333333333333333, 0.3333333333333333], [0.6666666666666666, 0.0], [0.6666666666666666, 1.0], [0.6666666666666666, 0.3333333333333333]], "\\": [[0.0, 1.0], [0.6666666666666666, 0.0]], ".": [[0.25, 0.0], [0.3333333333333333, 0.0]], "|": [[0.3333333333333333, 1.0], [0.3333333333333333, 0.0]], "4": [[0.0, 1.0], [0.0, 0.5], [0.0, 0.5], [0.6666666666666666, 0.5], [0.6666666666666666, 1.0], [0.6666666666666666, 0.0]], "]": [[0.16666666666666666, 1.0], [0.5, 1.0], [0.16666666666666666, 0.0], [0.5, 0.0], [0.5, 1.0], [0.5, 0.0]], "2": [[0.0, 1.0], [0.6666666666666666, 1.0], [0.0, 0.4166666666666667], [0.0, 0.0], [0.0, 0.4166666666666667], [0.6666666666666666, 0.5833333333333334], [0.0, 0.0], [0.6666666666666666, 0.0], [0.6666666666666666, 1.0], [0.6666666666666666, 0.5833333333333334]], "!": [[0.25, 0.16666666666666666], [0.3333333333333333, 0.0], [0.25, 0.16666666666666666], [0.4166666666666667, 0.16666666666666666], [0.3333333333333333, 1.0], [0.3333333333333333, 0.3333333333333333], [0.3333333333333333, 0.0], [0.4166666666666667, 0.16666666666666666]], "&": [[0.0, 0.3333333333333333], [0.3333333333333333, 0.0], [0.0, 0.3333333333333333], [0.6666666666666666, 0.6666666666666666], [0.3333333333333333, 1.0], [0.6666666666666666, 0.0], [0.3333333333333333, 1.0], [0.6666666666666666, 0.6666666666666666], [0.3333333333333333, 0.0], [0.6666666666666666, 0.3333333333333333]], "Z": [[0.0, 1.0], [0.6666666666666666, 1.0], [0.0, 0.0], [0.6666666666666666, 1.0], [0.0, 0.0], [0.6666666666666666, 0.0], [0.16666666666666666, 0.5], [0.5, 0.5]], "I": [[0.0, 1.0], [0.6666666666666666, 1.0], [0.0, 0.0], [0.6666666666666666, 0.0], [0.3333333333333333, 1.0], [0.3333333333333333, 0.0]], ";": [[0.08333333333333333, 0.16666666666666666], [0.3333333333333333, 0.4166666666666667], [0.3333333333333333, 0.75], [0.3333333333333333, 0.5833333333333334]], "X": [[0.0, 1.0], [0.6666666666666666, 0.0], [0.0, 0.0], [0.6666666666666666, 1.0]], "S": [[0.0, 1.0], [0.0, 0.5833333333333334], [0.0, 1.0], [0.5, 1.0], [0.0, 0.5833333333333334], [0.6666666666666666, 0.4166666666666667], [0.0, 0.16666666666666666], [0.16666666666666666, 0.0], [0.16666666666666666, 0.0], [0.6666666666666666, 0.0], [0.5, 1.0], [0.6666666666666666, 0.8333333333333334], [0.6666666666666666, 0.4166666666666667], [0.6666666666666666, 0.0]], "'": [[0.16666666666666666, 0.5], [0.5, 0.8333333333333334]], "Y": [[0.0, 1.0], [0.3333333333333333, 0.5], [0.3333333333333333, 0.5], [0.3333333333333333, 0.0], [0.3333333333333333, 0.5], [0.6666666666666666, 1.0]], "@": [[0.0, 0.6666666666666666], [0.0, 0.3333333333333333], [0.0, 0.6666666666666666], [0.3333333333333333, 1.0], [0.0, 0.3333333333333333], [0.3333333333333333, 0.0], [0.25, 0.5], [0.3333333333333333, 0.3333333333333333], [0.3333333333333333, 1.0], [0.6666666666666666, 0.6666666666666666], [0.3333333333333333, 0.3333333333333333], [0.6666666666666666, 0.6666666666666666], [0.3333333333333333, 0.0], [0.6666666666666666, 0.3333333333333333]], "B": [[0.0, 1.0], [0.0, 0.0], [0.0, 1.0], [0.3333333333333333, 1.0], [0.0, 0.0], [0.3333333333333333, 0.0], [0.3333333333333333, 1.0], [0.6666666666666666, 0.8333333333333334], [0.3333333333333333, 0.5], [0.6666666666666666, 0.8333333333333334], [0.3333333333333333, 0.5], [0.6666666666666666, 0.16666666666666666], [0.3333333333333333, 0.0], [0.6666666666666666, 0.16666666666666666]], "H": [[0.0, 1.0], [0.0, 0.0], [0.0, 0.5], [0.6666666666666666, 0.5], [0.6666666666666666, 1.0], [0.6666666666666666, 0.0]], "U": [[0.0, 1.0], [0.0, 0.16666666666666666], [0.0, 0.16666666666666666], [0.3333333333333333, 0.0], [0.3333333333333333, 0.0], [0.6666666666666666, 0.16666666666666666], [0.6666666666666666, 1.0], [0.6666666666666666, 0.16666666666666666]], "#": [[0.0, 0.6666666666666666], [0.6666666666666666, 0.6666666666666666], [0.0, 0.3333333333333333], [0.6666666666666666, 0.3333333333333333], [0.16666666666666666, 0.8333333333333334], [0.16666666666666666, 0.16666666666666666], [0.5, 0.8333333333333334], [0.5, 0.16666666666666666]], ",": [[0.16666666666666666, 0.0], [0.3333333333333333, 0.16666666666666666]], "7": [[0.0, 1.0], [0.6666666666666666, 1.0], [0.3333333333333333, 0.0], [0.6666666666666666, 0.5], [0.6666666666666666, 1.0], [0.6666666666666666, 0.5]], ">": [[0.16666666666666666, 1.0], [0.5, 0.5], [0.16666666666666666, 0.0], [0.5, 0.5]], "(": [[0.16666666666666666, 0.6666666666666666], [0.16666666666666666, 0.3333333333333333], [0.16666666666666666, 0.6666666666666666], [0.5, 1.0], [0.16666666666666666, 0.3333333333333333], [0.5, 0.0]], "~": [[0.0, 0.3333333333333333], [0.16666666666666666, 0.6666666666666666], [0.16666666666666666, 0.6666666666666666], [0.5, 0.3333333333333333], [0.5, 0.3333333333333333], [0.6666666666666666, 0.6666666666666666]], "3": [[0.0, 1.0], [0.6666666666666666, 1.0], [0.0, 0.5], [0.6666666666666666, 0.5], [0.0, 0.0], [0.6666666666666666, 0.0], [0.6666666666666666, 1.0], [0.6666666666666666, 0.0]], ":": [[0.3333333333333333, 0.75], [0.3333333333333333, 0.5833333333333334], [0.3333333333333333, 0.4166666666666667], [0.3333333333333333, 0.25]], "<": [[0.16666666666666666, 0.5], [0.5, 0.0], [0.16666666666666666, 0.5], [0.5, 1.0]], "}": [[0.3333333333333333, 1.0], [0.5, 0.8333333333333334], [0.3333333333333333, 0.0], [0.5, 0.16666666666666666], [0.5, 0.8333333333333334], [0.5, 0.16666666666666666], [0.5, 0.5], [0.6666666666666666, 0.5]], "D": [[0.0, 1.0], [0.0, 0.0], [0.0, 1.0], [0.3333333333333333, 1.0], [0.0, 0.0], [0.3333333333333333, 0.0], [0.3333333333333333, 1.0], [0.6666666666666666, 0.6666666666666666], [0.3333333333333333, 0.0], [0.6666666666666666, 0.3333333333333333], [0.6666666666666666, 0.6666666666666666], [0.6666666666666666, 0.3333333333333333]], "$": [[0.16666666666666666, 0.6666666666666666], [0.5, 0.3333333333333333], [0.16666666666666666, 0.6666666666666666], [0.5, 0.8333333333333334], [0.16666666666666666, 0.16666666666666666], [0.5, 0.3333333333333333], [0.3333333333333333, 1.0], [0.3333333333333333, 0.0]], "P": [[0.0, 1.0], [0.0, 0.0], [0.0, 1.0], [0.6666666666666666, 1.0], [0.0, 0.4166666666666667], [0.6666666666666666, 0.5], [0.6666666666666666, 1.0], [0.6666666666666666, 0.5]], "%": [[0.0, 0.0], [0.6666666666666666, 1.0], [0.16666666666666666, 0.8333333333333334], [0.16666666666666666, 0.6666666666666666], [0.5, 0.3333333333333333], [0.5, 0.16666666666666666]], "*": [[0.0, 0.6666666666666666], [0.6666666666666666, 0.0], [0.0, 0.6666666666666666], [0.6666666666666666, 0.6666666666666666], [0.0, 0.0], [0.3333333333333333, 1.0], [0.0, 0.0], [0.6666666666666666, 0.6666666666666666], [0.3333333333333333, 1.0], [0.6666666666666666, 0.0]], "L": [[0.0, 1.0], [0.0, 0.0], [0.0, 0.0], [0.6666666666666666, 0.0]], "`": [[0.16666666666666666, 0.8333333333333334], [0.5, 0.5]],